{"time_series": {"min_data": [[1604102400000.0, 298.7268371582031]], "max_data": [[1604102400000.0, 300.4721984863281]], "median_data": [[1604102400000.0, 299.106201171875]], "mean_data": [[1604102400000.0, 299.2218946977095]]}, "success": "success", "interval": "mm"}