{"time_series": {"min_data": [[1585612800000.0, 1.4695698022842407], [1588204800000.0, 4.505444049835205], [1590883200000.0, 7.9525556564331055], [1593475200000.0, 10.650897026062012]], "max_data": [[1585612800000.0, 1.8612538576126099], [1588204800000.0, 5.8568501472473145], [1590883200000.0, 9.380911827087402], [1593475200000.0, 11.597882270812988]], "median_data": [[1585612800000.0, 1.6758157014846802], [1588204800000.0, 5.23085355758667], [1590883200000.0, 8.934424877166748], [1593475200000.0, 11.2444748878479]], "mean_data": [[1585612800000.0, 1.6695899367332458], [1588204800000.0, 5.190845673734492], [1590883200000.0, 8.84281383861195], [1593475200000.0, 11.179114623503251]]}, "success": "success", "interval": "mm"}