{"time_series": {"min_data": [[1604102400000.0, 5.771756649017334], [1606694400000.0, 0.485647588968277], [1609372800000.0, 0.06592068076133728], [1612051200000.0, 0.08802857995033264], [1614470400000.0, 0.42207205295562744], [1617148800000.0, 1.4695698022842407]], "max_data": [[1604102400000.0, 6.331326007843018], [1606694400000.0, 0.726381242275238], [1609372800000.0, 0.15642964839935303], [1612051200000.0, 0.2083253562450409], [1614470400000.0, 0.5708187222480774], [1617148800000.0, 1.8612538576126099]], "median_data": [[1604102400000.0, 6.152311563491821], [1606694400000.0, 0.5788488984107971], [1609372800000.0, 0.1221158318221569], [1612051200000.0, 0.13299011439085007], [1614470400000.0, 0.5075068175792694], [1617148800000.0, 1.6758157014846802]], "mean_data": [[1604102400000.0, 6.136346047574824], [1606694400000.0, 0.5891076529567892], [1609372800000.0, 0.12254073724827984], [1612051200000.0, 0.1323792619461363], [1614470400000.0, 0.5065417208454825], [1617148800000.0, 1.6695899367332458]]}, "success": "success", "interval": "mm"}