{"time_series": {"min_data": [[1604102400000.0, 201.7404327392578]], "max_data": [[1604102400000.0, 279.3121643066406]], "median_data": [[1604102400000.0, 204.13739776611328]], "mean_data": [[1604102400000.0, 205.87108820134944]]}, "success": "success", "interval": "mm"}