{"time_series": {"min_data": [[1604102400000.0, 201.7404327392578], [1606694400000.0, 191.70693969726562], [1609372800000.0, 189.8766326904297]], "max_data": [[1604102400000.0, 279.3121643066406], [1606694400000.0, 275.4037170410156], [1609372800000.0, 272.7931823730469]], "median_data": [[1604102400000.0, 204.13739776611328], [1606694400000.0, 192.44522857666016], [1609372800000.0, 190.21829223632812]], "mean_data": [[1604102400000.0, 205.87108820134944], [1606694400000.0, 194.42216907848012], [1609372800000.0, 192.12742094560102]]}, "success": "success", "interval": "mm"}