{"time_series": {"min_data": [[1585612800000.0, 302.2748718261719], [1588204800000.0, 308.68353271484375], [1590883200000.0, 307.6733093261719], [1593475200000.0, 307.0267333984375]], "max_data": [[1585612800000.0, 303.9045104980469], [1588204800000.0, 309.39715576171875], [1590883200000.0, 308.6033020019531], [1593475200000.0, 307.7516784667969]], "median_data": [[1585612800000.0, 303.06251525878906], [1588204800000.0, 309.1787414550781], [1590883200000.0, 307.7681579589844], [1593475200000.0, 307.33226013183594]], "mean_data": [[1585612800000.0, 303.088340065696], [1588204800000.0, 309.13854911110616], [1590883200000.0, 307.83885678378016], [1593475200000.0, 307.3313494595614]]}, "success": "success", "interval": "mm"}