{"singleline": [[1604188800000, -0.349909129961018, 11, 2020], [1606780800000, -0.7778944268561246, 12, 2020], [1609459200000, 0.06086943546930949, 1, 2021], [1612137600000, 0.2017169207857366, 2, 2021], [1614556800000, -0.7713323721760198, 3, 2021], [1617235200000, -0.14732130949401803, 4, 2021], [1619827200000, 0.24418112570256517, 5, 2021], [1622505600000, -0.1333301176660155, 6, 2021]], "multiline": {"min": [[1604188800000, -1.012844090921837], [1604188800000, -1.012844090921837], [1604188800000, -1.012844090921837], [1604188800000, -1.012844090921837], [1604188800000, -1.012844090921837], [1604188800000, -1.012844090921837], [1604188800000, -1.012844090921837], [1604188800000, -1.012844090921837], [1606780800000, -1.4965109260458695], [1606780800000, -1.4965109260458695], [1606780800000, -1.4965109260458695], [1606780800000, -1.4965109260458695], [1606780800000, -1.4965109260458695], [1606780800000, -1.4965109260458695], [1606780800000, -1.4965109260458695], [1606780800000, -1.4965109260458695], [1609459200000, -1.2647692559842478], [1609459200000, -1.2647692559842478], [1609459200000, -1.2647692559842478], [1609459200000, -1.2647692559842478], [1609459200000, -1.2647692559842478], [1609459200000, -1.2647692559842478], [1609459200000, -1.2647692559842478], [1609459200000, -1.2647692559842478], [1612137600000, -0.2903129353776182], [1612137600000, -0.2903129353776182], [1612137600000, -0.2903129353776182], [1612137600000, -0.2903129353776182], [1612137600000, -0.2903129353776182], [1612137600000, -0.2903129353776182], [1612137600000, -0.2903129353776182], [1612137600000, -0.2903129353776182], [1614556800000, -1.3334550224898154], [1614556800000, -1.3334550224898154], [1614556800000, -1.3334550224898154], [1614556800000, -1.3334550224898154], [1614556800000, -1.3334550224898154], [1614556800000, -1.3334550224898154], [1614556800000, -1.3334550224898154], [1614556800000, -1.3334550224898154], [1617235200000, -0.37668941697930886], [1617235200000, -0.37668941697930886], [1617235200000, -0.37668941697930886], [1617235200000, -0.37668941697930886], [1617235200000, -0.37668941697930886], [1617235200000, -0.37668941697930886], [1617235200000, -0.37668941697930886], [1617235200000, -0.37668941697930886], [1619827200000, -0.31573263658700806], [1619827200000, -0.31573263658700806], [1619827200000, -0.31573263658700806], [1619827200000, -0.31573263658700806], [1619827200000, -0.31573263658700806], [1619827200000, -0.31573263658700806], [1619827200000, -0.31573263658700806], [1619827200000, -0.31573263658700806], [1622505600000, -1.9434272908327872], [1622505600000, -1.9434272908327872], [1622505600000, -1.9434272908327872], [1622505600000, -1.9434272908327872], [1622505600000, -1.9434272908327872], [1622505600000, -1.9434272908327872], [1622505600000, -1.9434272908327872], [1622505600000, -1.9434272908327872]], "max": [[1604188800000, 0.9728933269517464], [1604188800000, 0.9728933269517464], [1604188800000, 0.9728933269517464], [1604188800000, 0.9728933269517464], [1604188800000, 0.9728933269517464], [1604188800000, 0.9728933269517464], [1604188800000, 0.9728933269517464], [1604188800000, 0.9728933269517464], [1606780800000, 1.4690115891004865], [1606780800000, 1.4690115891004865], [1606780800000, 1.4690115891004865], [1606780800000, 1.4690115891004865], [1606780800000, 1.4690115891004865], [1606780800000, 1.4690115891004865], [1606780800000, 1.4690115891004865], [1606780800000, 1.4690115891004865], [1609459200000, 1.418911175769672], [1609459200000, 1.418911175769672], [1609459200000, 1.418911175769672], [1609459200000, 1.418911175769672], [1609459200000, 1.418911175769672], [1609459200000, 1.418911175769672], [1609459200000, 1.418911175769672], [1609459200000, 1.418911175769672], [1612137600000, 1.2528361981375176], [1612137600000, 1.2528361981375176], [1612137600000, 1.2528361981375176], [1612137600000, 1.2528361981375176], [1612137600000, 1.2528361981375176], [1612137600000, 1.2528361981375176], [1612137600000, 1.2528361981375176], [1612137600000, 1.2528361981375176], [1614556800000, -0.2462697831031523], [1614556800000, -0.2462697831031523], [1614556800000, -0.2462697831031523], [1614556800000, -0.2462697831031523], [1614556800000, -0.2462697831031523], [1614556800000, -0.2462697831031523], [1614556800000, -0.2462697831031523], [1614556800000, -0.2462697831031523], [1617235200000, 0.13509588015445492], [1617235200000, 0.13509588015445492], [1617235200000, 0.13509588015445492], [1617235200000, 0.13509588015445492], [1617235200000, 0.13509588015445492], [1617235200000, 0.13509588015445492], [1617235200000, 0.13509588015445492], [1617235200000, 0.13509588015445492], [1619827200000, 0.7337728461675477], [1619827200000, 0.7337728461675477], [1619827200000, 0.7337728461675477], [1619827200000, 0.7337728461675477], [1619827200000, 0.7337728461675477], [1619827200000, 0.7337728461675477], [1619827200000, 0.7337728461675477], [1619827200000, 0.7337728461675477], [1622505600000, 0.9432965736640128], [1622505600000, 0.9432965736640128], [1622505600000, 0.9432965736640128], [1622505600000, 0.9432965736640128], [1622505600000, 0.9432965736640128], [1622505600000, 0.9432965736640128], [1622505600000, 0.9432965736640128], [1622505600000, 0.9432965736640128]], "mean": [[1604188800000, -0.3499091304675268], [1604188800000, -0.3499091304675268], [1604188800000, -0.3499091304675268], [1604188800000, -0.3499091304675268], [1604188800000, -0.3499091304675268], [1604188800000, -0.3499091304675268], [1604188800000, -0.3499091304675268], [1604188800000, -0.3499091304675268], [1606780800000, -0.7778944238011158], [1606780800000, -0.7778944238011158], [1606780800000, -0.7778944238011158], [1606780800000, -0.7778944238011158], [1606780800000, -0.7778944238011158], [1606780800000, -0.7778944238011158], [1606780800000, -0.7778944238011158], [1606780800000, -0.7778944238011158], [1609459200000, 0.06086943275907908], [1609459200000, 0.06086943275907908], [1609459200000, 0.06086943275907908], [1609459200000, 0.06086943275907908], [1609459200000, 0.06086943275907908], [1609459200000, 0.06086943275907908], [1609459200000, 0.06086943275907908], [1609459200000, 0.06086943275907908], [1612137600000, 0.20171692244873968], [1612137600000, 0.20171692244873968], [1612137600000, 0.20171692244873968], [1612137600000, 0.20171692244873968], [1612137600000, 0.20171692244873968], [1612137600000, 0.20171692244873968], [1612137600000, 0.20171692244873968], [1612137600000, 0.20171692244873968], [1614556800000, -0.7713323753192334], [1614556800000, -0.7713323753192334], [1614556800000, -0.7713323753192334], [1614556800000, -0.7713323753192334], [1614556800000, -0.7713323753192334], [1614556800000, -0.7713323753192334], [1614556800000, -0.7713323753192334], [1614556800000, -0.7713323753192334], [1617235200000, -0.1473213085221033], [1617235200000, -0.1473213085221033], [1617235200000, -0.1473213085221033], [1617235200000, -0.1473213085221033], [1617235200000, -0.1473213085221033], [1617235200000, -0.1473213085221033], [1617235200000, -0.1473213085221033], [1617235200000, -0.1473213085221033], [1619827200000, 0.2441811258511479], [1619827200000, 0.2441811258511479], [1619827200000, 0.2441811258511479], [1619827200000, 0.2441811258511479], [1619827200000, 0.2441811258511479], [1619827200000, 0.2441811258511479], [1619827200000, 0.2441811258511479], [1619827200000, 0.2441811258511479], [1622505600000, -0.1333301190285343], [1622505600000, -0.1333301190285343], [1622505600000, -0.1333301190285343], [1622505600000, -0.1333301190285343], [1622505600000, -0.1333301190285343], [1622505600000, -0.1333301190285343], [1622505600000, -0.1333301190285343], [1622505600000, -0.1333301190285343]]},