{"singleline": [[1604188800000, -1.0307905102769535, 11, 2020], [1606780800000, -1.1112117492838909, 12, 2020], [1609459200000, -0.7969113798779354, 1, 2021], [1612137600000, -0.049156261755055504, 2, 2021], [1614556800000, -0.9005894409982782, 3, 2021], [1617235200000, -0.5080868776953011, 4, 2021], [1619827200000, 0.24931587723263524, 5, 2021], [1622505600000, 0.31107290010703237, 6, 2021]], "multiline": {"min": [[1604188800000, -1.6247221179175795], [1604188800000, -1.6247221179175795], [1604188800000, -1.6247221179175795], [1604188800000, -1.6247221179175795], [1604188800000, -1.6247221179175795], [1604188800000, -1.6247221179175795], [1604188800000, -1.6247221179175795], [1604188800000, -1.6247221179175795], [1606780800000, -1.854833345664175], [1606780800000, -1.854833345664175], [1606780800000, -1.854833345664175], [1606780800000, -1.854833345664175], [1606780800000, -1.854833345664175], [1606780800000, -1.854833345664175], [1606780800000, -1.854833345664175], [1606780800000, -1.854833345664175], [1609459200000, -2.158102646208646], [1609459200000, -2.158102646208646], [1609459200000, -2.158102646208646], [1609459200000, -2.158102646208646], [1609459200000, -2.158102646208646], [1609459200000, -2.158102646208646], [1609459200000, -2.158102646208646], [1609459200000, -2.158102646208646], [1612137600000, -2.097212703604447], [1612137600000, -2.097212703604447], [1612137600000, -2.097212703604447], [1612137600000, -2.097212703604447], [1612137600000, -2.097212703604447], [1612137600000, -2.097212703604447], [1612137600000, -2.097212703604447], [1612137600000, -2.097212703604447], [1614556800000, -1.8306181880465724], [1614556800000, -1.8306181880465724], [1614556800000, -1.8306181880465724], [1614556800000, -1.8306181880465724], [1614556800000, -1.8306181880465724], [1614556800000, -1.8306181880465724], [1614556800000, -1.8306181880465724], [1614556800000, -1.8306181880465724], [1617235200000, -1.104163891913598], [1617235200000, -1.104163891913598], [1617235200000, -1.104163891913598], [1617235200000, -1.104163891913598], [1617235200000, -1.104163891913598], [1617235200000, -1.104163891913598], [1617235200000, -1.104163891913598], [1617235200000, -1.104163891913598], [1619827200000, -0.6741923206861604], [1619827200000, -0.6741923206861604], [1619827200000, -0.6741923206861604], [1619827200000, -0.6741923206861604], [1619827200000, -0.6741923206861604], [1619827200000, -0.6741923206861604], [1619827200000, -0.6741923206861604], [1619827200000, -0.6741923206861604], [1622505600000, -2.3167634135798405], [1622505600000, -2.3167634135798405], [1622505600000, -2.3167634135798405], [1622505600000, -2.3167634135798405], [1622505600000, -2.3167634135798405], [1622505600000, -2.3167634135798405], [1622505600000, -2.3167634135798405], [1622505600000, -2.3167634135798405]], "max": [[1604188800000, 0.32312336106572237], [1604188800000, 0.32312336106572237], [1604188800000, 0.32312336106572237], [1604188800000, 0.32312336106572237], [1604188800000, 0.32312336106572237], [1604188800000, 0.32312336106572237], [1604188800000, 0.32312336106572237], [1604188800000, 0.32312336106572237], [1606780800000, 0.9646948826940436], [1606780800000, 0.9646948826940436], [1606780800000, 0.9646948826940436], [1606780800000, 0.9646948826940436], [1606780800000, 0.9646948826940436], [1606780800000, 0.9646948826940436], [1606780800000, 0.9646948826940436], [1606780800000, 0.9646948826940436], [1609459200000, 1.9471242438282883], [1609459200000, 1.9471242438282883], [1609459200000, 1.9471242438282883], [1609459200000, 1.9471242438282883], [1609459200000, 1.9471242438282883], [1609459200000, 1.9471242438282883], [1609459200000, 1.9471242438282883], [1609459200000, 1.9471242438282883], [1612137600000, 4.782621699728463], [1612137600000, 4.782621699728463], [1612137600000, 4.782621699728463], [1612137600000, 4.782621699728463], [1612137600000, 4.782621699728463], [1612137600000, 4.782621699728463], [1612137600000, 4.782621699728463], [1612137600000, 4.782621699728463], [1614556800000, 1.6079434177331757], [1614556800000, 1.6079434177331757], [1614556800000, 1.6079434177331757], [1614556800000, 1.6079434177331757], [1614556800000, 1.6079434177331757], [1614556800000, 1.6079434177331757], [1614556800000, 1.6079434177331757], [1614556800000, 1.6079434177331757], [1617235200000, 0.22406113851946174], [1617235200000, 0.22406113851946174], [1617235200000, 0.22406113851946174], [1617235200000, 0.22406113851946174], [1617235200000, 0.22406113851946174], [1617235200000, 0.22406113851946174], [1617235200000, 0.22406113851946174], [1617235200000, 0.22406113851946174], [1619827200000, 1.2802730526840478], [1619827200000, 1.2802730526840478], [1619827200000, 1.2802730526840478], [1619827200000, 1.2802730526840478], [1619827200000, 1.2802730526840478], [1619827200000, 1.2802730526840478], [1619827200000, 1.2802730526840478], [1619827200000, 1.2802730526840478], [1622505600000, 1.1459569706859296], [1622505600000, 1.1459569706859296], [1622505600000, 1.1459569706859296], [1622505600000, 1.1459569706859296], [1622505600000, 1.1459569706859296], [1622505600000, 1.1459569706859296], [1622505600000, 1.1459569706859296], [1622505600000, 1.1459569706859296]], "mean": [[1604188800000, -1.030790506167697], [1604188800000, -1.030790506167697], [1604188800000, -1.030790506167697], [1604188800000, -1.030790506167697], [1604188800000, -1.030790506167697], [1604188800000, -1.030790506167697], [1604188800000, -1.030790506167697], [1604188800000, -1.030790506167697], [1606780800000, -1.1112117476050596], [1606780800000, -1.1112117476050596], [1606780800000, -1.1112117476050596], [1606780800000, -1.1112117476050596], [1606780800000, -1.1112117476050596], [1606780800000, -1.1112117476050596], [1606780800000, -1.1112117476050596], [1606780800000, -1.1112117476050596], [1609459200000, -0.7969113782818202], [1609459200000, -0.7969113782818202], [1609459200000, -0.7969113782818202], [1609459200000, -0.7969113782818202], [1609459200000, -0.7969113782818202], [1609459200000, -0.7969113782818202], [1609459200000, -0.7969113782818202], [1609459200000, -0.7969113782818202], [1612137600000, -0.049156261947038704], [1612137600000, -0.049156261947038704], [1612137600000, -0.049156261947038704], [1612137600000, -0.049156261947038704], [1612137600000, -0.049156261947038704], [1612137600000, -0.049156261947038704], [1612137600000, -0.049156261947038704], [1612137600000, -0.049156261947038704], [1614556800000, -0.9005894384493954], [1614556800000, -0.9005894384493954], [1614556800000, -0.9005894384493954], [1614556800000, -0.9005894384493954], [1614556800000, -0.9005894384493954], [1614556800000, -0.9005894384493954], [1614556800000, -0.9005894384493954], [1614556800000, -0.9005894384493954], [1617235200000, -0.5080868747927046], [1617235200000, -0.5080868747927046], [1617235200000, -0.5080868747927046], [1617235200000, -0.5080868747927046], [1617235200000, -0.5080868747927046], [1617235200000, -0.5080868747927046], [1617235200000, -0.5080868747927046], [1617235200000, -0.5080868747927046], [1619827200000, 0.24931587572740554], [1619827200000, 0.24931587572740554], [1619827200000, 0.24931587572740554], [1619827200000, 0.24931587572740554], [1619827200000, 0.24931587572740554], [1619827200000, 0.24931587572740554], [1619827200000, 0.24931587572740554], [1619827200000, 0.24931587572740554], [1622505600000, 0.3110729018338596], [1622505600000, 0.3110729018338596], [1622505600000, 0.3110729018338596], [1622505600000, 0.3110729018338596], [1622505600000, 0.3110729018338596], [1622505600000, 0.3110729018338596], [1622505600000, 0.3110729018338596], [1622505600000, 0.3110729018338596]]},