{"time_series": {"min_data": [[1604102400000.0, 292.13116455078125]], "max_data": [[1604102400000.0, 299.3746032714844]], "median_data": [[1604102400000.0, 298.41259765625]], "mean_data": [[1604102400000.0, 298.1268830732866]]}, "success": "success", "interval": "mm"}