{"time_series": {"min_data": [[1604102400000.0, 0.0020045044366270304], [1606694400000.0, 0.0016259277472272515], [1609372800000.0, 0.0013005308574065566], [1612051200000.0, 0.0013398764422163367], [1614470400000.0, 0.001892250613309443], [1617148800000.0, 0.002706683473661542]], "max_data": [[1604102400000.0, 3.224292278289795], [1606694400000.0, 1.7540987730026245], [1609372800000.0, 0.9509238004684448], [1612051200000.0, 0.710508406162262], [1614470400000.0, 0.8376752734184265], [1617148800000.0, 1.2077209949493408]], "median_data": [[1604102400000.0, 3.1770046949386597], [1606694400000.0, 1.6718000769615173], [1609372800000.0, 0.9153305888175964], [1612051200000.0, 0.6745603978633881], [1614470400000.0, 0.7522232830524445], [1617148800000.0, 1.1668654680252075]], "mean_data": [[1604102400000.0, 3.105786044494545], [1606694400000.0, 1.6452917328490664], [1609372800000.0, 0.8939610290081791], [1612051200000.0, 0.662427165828624], [1614470400000.0, 0.7408167471902826], [1617148800000.0, 1.1353321083747274]]}, "success": "success", "interval": "mm"}