{"time_series": {"min_data": [[1604102400000.0, 298.7268371582031], [1606694400000.0, 292.5522766113281], [1609372800000.0, 288.9692077636719], [1612051200000.0, 287.28643798828125], [1614470400000.0, 287.2451477050781], [1617148800000.0, 291.4366760253906]], "max_data": [[1604102400000.0, 300.4721984863281], [1606694400000.0, 295.42877197265625], [1609372800000.0, 291.8949890136719], [1612051200000.0, 290.7650146484375], [1614470400000.0, 291.5632019042969], [1617148800000.0, 295.3455810546875]], "median_data": [[1604102400000.0, 299.106201171875], [1606694400000.0, 293.1566162109375], [1609372800000.0, 289.5404357910156], [1612051200000.0, 288.38201904296875], [1614470400000.0, 288.98350524902344], [1617148800000.0, 292.51849365234375]], "mean_data": [[1604102400000.0, 299.2218946977095], [1606694400000.0, 293.37745874578303], [1609372800000.0, 289.69740156693894], [1612051200000.0, 288.4044203324751], [1614470400000.0, 288.88622145219284], [1617148800000.0, 292.68601642955434]]}, "success": "success", "interval": "mm"}