{"time_series": {"min_data": [[1604102400000.0, 7.95847749710083], [1606694400000.0, 1.3860923051834106], [1609372800000.0, 0.0], [1612051200000.0, 0.0], [1614470400000.0, 0.3067735731601715], [1617148800000.0, 1.204282283782959]], "max_data": [[1604102400000.0, 9.297297477722168], [1606694400000.0, 1.641602635383606], [1609372800000.0, 0.04742971062660217], [1612051200000.0, 0.13173894584178925], [1614470400000.0, 0.44919678568840027], [1617148800000.0, 1.8990232944488525]], "median_data": [[1604102400000.0, 8.672650814056396], [1606694400000.0, 1.5710219740867615], [1609372800000.0, 0.002137946372386068], [1612051200000.0, 0.006854977458715439], [1614470400000.0, 0.4053499549627304], [1617148800000.0, 1.5646725296974182]], "mean_data": [[1604102400000.0, 8.637130683118647], [1606694400000.0, 1.557562232017517], [1609372800000.0, 0.008738819111840712], [1612051200000.0, 0.031904268325053664], [1614470400000.0, 0.39763758263804694], [1617148800000.0, 1.5549129328944467]]}, "success": "success", "interval": "mm"}