{"time_series": {"min_data": [[1585612800000.0, 290.4168395996094], [1588204800000.0, 296.22747802734375], [1590883200000.0, 298.9958190917969], [1593475200000.0, 300.07830810546875]], "max_data": [[1585612800000.0, 293.2796630859375], [1588204800000.0, 298.1484375], [1590883200000.0, 300.4505920410156], [1593475200000.0, 301.2504577636719]], "median_data": [[1585612800000.0, 291.2748718261719], [1588204800000.0, 296.4154510498047], [1590883200000.0, 299.1828918457031], [1593475200000.0, 300.2989959716797]], "mean_data": [[1585612800000.0, 291.3207439075817], [1588204800000.0, 296.61909415505147], [1590883200000.0, 299.3190231323242], [1593475200000.0, 300.40204481645065]]}, "success": "success", "interval": "mm"}