{"time_series": {"min_data": [[1604102400000.0, 5.771756649017334]], "max_data": [[1604102400000.0, 6.331326007843018]], "median_data": [[1604102400000.0, 6.152311563491821]], "mean_data": [[1604102400000.0, 6.136346047574824]]}, "success": "success", "interval": "mm"}