{"singleline": [[1604188800000, 2.3414280247270014, 11, 2020], [1606780800000, 2.127473737064161, 12, 2020], [1609459200000, 2.0103105808559216, 1, 2021], [1612137600000, 0.7037666141986847, 2, 2021], [1614556800000, -0.603158740620864, 3, 2021], [1617235200000, -0.07480323898785732, 4, 2021], [1619827200000, 0.40080297084753974, 5, 2021], [1622505600000, 0.4311652336465685, 6, 2021]], "multiline": {"min": [[1604188800000, 1.3375948625698424], [1604188800000, 1.3375948625698424], [1604188800000, 1.3375948625698424], [1604188800000, 1.3375948625698424], [1604188800000, 1.3375948625698424], [1604188800000, 1.3375948625698424], [1604188800000, 1.3375948625698424], [1604188800000, 1.3375948625698424], [1606780800000, -0.13153578461915777], [1606780800000, -0.13153578461915777], [1606780800000, -0.13153578461915777], [1606780800000, -0.13153578461915777], [1606780800000, -0.13153578461915777], [1606780800000, -0.13153578461915777], [1606780800000, -0.13153578461915777], [1606780800000, -0.13153578461915777], [1609459200000, -0.19100288961801612], [1609459200000, -0.19100288961801612], [1609459200000, -0.19100288961801612], [1609459200000, -0.19100288961801612], [1609459200000, -0.19100288961801612], [1609459200000, -0.19100288961801612], [1609459200000, -0.19100288961801612], [1609459200000, -0.19100288961801612], [1612137600000, -0.5400209626869151], [1612137600000, -0.5400209626869151], [1612137600000, -0.5400209626869151], [1612137600000, -0.5400209626869151], [1612137600000, -0.5400209626869151], [1612137600000, -0.5400209626869151], [1612137600000, -0.5400209626869151], [1612137600000, -0.5400209626869151], [1614556800000, -1.011933159409908], [1614556800000, -1.011933159409908], [1614556800000, -1.011933159409908], [1614556800000, -1.011933159409908], [1614556800000, -1.011933159409908], [1614556800000, -1.011933159409908], [1614556800000, -1.011933159409908], [1614556800000, -1.011933159409908], [1617235200000, -0.5329883287317658], [1617235200000, -0.5329883287317658], [1617235200000, -0.5329883287317658], [1617235200000, -0.5329883287317658], [1617235200000, -0.5329883287317658], [1617235200000, -0.5329883287317658], [1617235200000, -0.5329883287317658], [1617235200000, -0.5329883287317658], [1619827200000, -1.0262712093821742], [1619827200000, -1.0262712093821742], [1619827200000, -1.0262712093821742], [1619827200000, -1.0262712093821742], [1619827200000, -1.0262712093821742], [1619827200000, -1.0262712093821742], [1619827200000, -1.0262712093821742], [1619827200000, -1.0262712093821742], [1622505600000, -1.099887089248289], [1622505600000, -1.099887089248289], [1622505600000, -1.099887089248289], [1622505600000, -1.099887089248289], [1622505600000, -1.099887089248289], [1622505600000, -1.099887089248289], [1622505600000, -1.099887089248289], [1622505600000, -1.099887089248289]], "max": [[1604188800000, 4.848005202778599], [1604188800000, 4.848005202778599], [1604188800000, 4.848005202778599], [1604188800000, 4.848005202778599], [1604188800000, 4.848005202778599], [1604188800000, 4.848005202778599], [1604188800000, 4.848005202778599], [1604188800000, 4.848005202778599], [1606780800000, 12.326954088712993], [1606780800000, 12.326954088712993], [1606780800000, 12.326954088712993], [1606780800000, 12.326954088712993], [1606780800000, 12.326954088712993], [1606780800000, 12.326954088712993], [1606780800000, 12.326954088712993], [1606780800000, 12.326954088712993], [1609459200000, 5.64857630562364], [1609459200000, 5.64857630562364], [1609459200000, 5.64857630562364], [1609459200000, 5.64857630562364], [1609459200000, 5.64857630562364], [1609459200000, 5.64857630562364], [1609459200000, 5.64857630562364], [1609459200000, 5.64857630562364], [1612137600000, 3.0579573731673393], [1612137600000, 3.0579573731673393], [1612137600000, 3.0579573731673393], [1612137600000, 3.0579573731673393], [1612137600000, 3.0579573731673393], [1612137600000, 3.0579573731673393], [1612137600000, 3.0579573731673393], [1612137600000, 3.0579573731673393], [1614556800000, -0.21877945029062398], [1614556800000, -0.21877945029062398], [1614556800000, -0.21877945029062398], [1614556800000, -0.21877945029062398], [1614556800000, -0.21877945029062398], [1614556800000, -0.21877945029062398], [1614556800000, -0.21877945029062398], [1614556800000, -0.21877945029062398], [1617235200000, 1.2080619983505785], [1617235200000, 1.2080619983505785], [1617235200000, 1.2080619983505785], [1617235200000, 1.2080619983505785], [1617235200000, 1.2080619983505785], [1617235200000, 1.2080619983505785], [1617235200000, 1.2080619983505785], [1617235200000, 1.2080619983505785], [1619827200000, 2.3727177025979027], [1619827200000, 2.3727177025979027], [1619827200000, 2.3727177025979027], [1619827200000, 2.3727177025979027], [1619827200000, 2.3727177025979027], [1619827200000, 2.3727177025979027], [1619827200000, 2.3727177025979027], [1619827200000, 2.3727177025979027], [1622505600000, 1.6705701183854489], [1622505600000, 1.6705701183854489], [1622505600000, 1.6705701183854489], [1622505600000, 1.6705701183854489], [1622505600000, 1.6705701183854489], [1622505600000, 1.6705701183854489], [1622505600000, 1.6705701183854489], [1622505600000, 1.6705701183854489]], "mean": [[1604188800000, 2.341428015903946], [1604188800000, 2.341428015903946], [1604188800000, 2.341428015903946], [1604188800000, 2.341428015903946], [1604188800000, 2.341428015903946], [1604188800000, 2.341428015903946], [1604188800000, 2.341428015903946], [1604188800000, 2.341428015903946], [1606780800000, 2.127473731166742], [1606780800000, 2.127473731166742], [1606780800000, 2.127473731166742], [1606780800000, 2.127473731166742], [1606780800000, 2.127473731166742], [1606780800000, 2.127473731166742], [1606780800000, 2.127473731166742], [1606780800000, 2.127473731166742], [1609459200000, 2.0103105808109896], [1609459200000, 2.0103105808109896], [1609459200000, 2.0103105808109896], [1609459200000, 2.0103105808109896], [1609459200000, 2.0103105808109896], [1609459200000, 2.0103105808109896], [1609459200000, 2.0103105808109896], [1609459200000, 2.0103105808109896], [1612137600000, 0.7037666141785163], [1612137600000, 0.7037666141785163], [1612137600000, 0.7037666141785163], [1612137600000, 0.7037666141785163], [1612137600000, 0.7037666141785163], [1612137600000, 0.7037666141785163], [1612137600000, 0.7037666141785163], [1612137600000, 0.7037666141785163], [1614556800000, -0.6031587415338052], [1614556800000, -0.6031587415338052], [1614556800000, -0.6031587415338052], [1614556800000, -0.6031587415338052], [1614556800000, -0.6031587415338052], [1614556800000, -0.6031587415338052], [1614556800000, -0.6031587415338052], [1614556800000, -0.6031587415338052], [1617235200000, -0.07480323906323366], [1617235200000, -0.07480323906323366], [1617235200000, -0.07480323906323366], [1617235200000, -0.07480323906323366], [1617235200000, -0.07480323906323366], [1617235200000, -0.07480323906323366], [1617235200000, -0.07480323906323366], [1617235200000, -0.07480323906323366], [1619827200000, 0.40080297024401823], [1619827200000, 0.40080297024401823], [1619827200000, 0.40080297024401823], [1619827200000, 0.40080297024401823], [1619827200000, 0.40080297024401823], [1619827200000, 0.40080297024401823], [1619827200000, 0.40080297024401823], [1619827200000, 0.40080297024401823], [1622505600000, 0.4311652338696979], [1622505600000, 0.4311652338696979], [1622505600000, 0.4311652338696979], [1622505600000, 0.4311652338696979], [1622505600000, 0.4311652338696979], [1622505600000, 0.4311652338696979], [1622505600000, 0.4311652338696979], [1622505600000, 0.4311652338696979]]},