{"time_series": {"min_data": [[1604102400000.0, 298.7268371582031], [1606694400000.0, 292.5522766113281], [1609372800000.0, 288.9692077636719]], "max_data": [[1604102400000.0, 300.4721984863281], [1606694400000.0, 295.42877197265625], [1609372800000.0, 291.8949890136719]], "median_data": [[1604102400000.0, 299.106201171875], [1606694400000.0, 293.1566162109375], [1609372800000.0, 289.5404357910156]], "mean_data": [[1604102400000.0, 299.2218946977095], [1606694400000.0, 293.37745874578303], [1609372800000.0, 289.69740156693894]]}, "success": "success", "interval": "mm"}