{"time_series": {"min_data": [[1604102400000.0, 305.69854736328125], [1606694400000.0, 302.4585266113281], [1609372800000.0, 299.1432189941406], [1612051200000.0, 299.20855712890625], [1614470400000.0, 301.9790344238281], [1617148800000.0, 307.7306823730469]], "max_data": [[1604102400000.0, 306.9220275878906], [1606694400000.0, 304.0579528808594], [1609372800000.0, 300.64764404296875], [1612051200000.0, 300.72802734375], [1614470400000.0, 303.3157653808594], [1617148800000.0, 308.72283935546875]], "median_data": [[1604102400000.0, 305.8974609375], [1606694400000.0, 302.79502868652344], [1609372800000.0, 299.67848205566406], [1612051200000.0, 300.0516815185547], [1614470400000.0, 302.77162170410156], [1617148800000.0, 308.1704406738281]], "mean_data": [[1604102400000.0, 305.97257232666016], [1606694400000.0, 302.9147519198331], [1609372800000.0, 299.7157911820845], [1612051200000.0, 300.0326642123136], [1614470400000.0, 302.74997641823506], [1617148800000.0, 308.2271402532404]]}, "success": "success", "interval": "mm"}