{"time_series": {"min_data": [[1585612800000.0, 0.002706683473661542], [1588204800000.0, 0.0031501837074756622], [1590883200000.0, 0.0031009973026812077], [1593475200000.0, 0.0028607447165995836]], "max_data": [[1585612800000.0, 1.2077209949493408], [1588204800000.0, 3.3816001415252686], [1590883200000.0, 4.777701377868652], [1593475200000.0, 4.898345947265625]], "median_data": [[1585612800000.0, 1.1668654680252075], [1588204800000.0, 3.1947096586227417], [1590883200000.0, 4.684542179107666], [1593475200000.0, 4.822115182876587]], "mean_data": [[1585612800000.0, 1.1353321083747274], [1588204800000.0, 3.1118909815664995], [1590883200000.0, 4.556137640505437], [1593475200000.0, 4.701968696079513]]}, "success": "success", "interval": "mm"}