{"time_series": {"min_data": [[1604102400000.0, 0.0026087823789566755], [1606694400000.0, 0.0022564157843589783], [1609372800000.0, 0.0017875658813863993], [1612051200000.0, 0.0017509766621515155], [1614470400000.0, 0.0023127570748329163], [1617148800000.0, 0.003081898670643568]], "max_data": [[1604102400000.0, 0.8940181136131287], [1606694400000.0, 0.09923751652240753], [1609372800000.0, 0.023793717846274376], [1612051200000.0, 0.00914015807211399], [1614470400000.0, 0.012848681770265102], [1617148800000.0, 0.005463992711156607]], "median_data": [[1604102400000.0, 0.7781872153282166], [1606694400000.0, 0.0789419487118721], [1609372800000.0, 0.01753159426152706], [1612051200000.0, 0.006232465151697397], [1614470400000.0, 0.011152456048876047], [1617148800000.0, 0.004201396135613322]], "mean_data": [[1604102400000.0, 0.7641423169936222], [1606694400000.0, 0.07634923751042648], [1609372800000.0, 0.017012323956640266], [1612051200000.0, 0.006231801576425575], [1614470400000.0, 0.010977929712019184], [1617148800000.0, 0.004316949655979194]]}, "success": "success", "interval": "mm"}