{"time_series": {"min_data": [[1604102400000.0, 0.0026087823789566755]], "max_data": [[1604102400000.0, 0.8940181136131287]], "median_data": [[1604102400000.0, 0.7781872153282166]], "mean_data": [[1604102400000.0, 0.7641423169936222]]}, "success": "success", "interval": "mm"}