{"time_series": {"min_data": [[1585612800000.0, 0.002574462676420808], [1588204800000.0, 0.003414079314097762], [1590883200000.0, 0.0034478623420000076], [1593475200000.0, 0.0032521826215088367]], "max_data": [[1585612800000.0, 0.37000772356987], [1588204800000.0, 0.5820157527923584], [1590883200000.0, 0.6426467895507812], [1593475200000.0, 4.19128942489624]], "median_data": [[1585612800000.0, 0.3343283236026764], [1588204800000.0, 0.5269107222557068], [1590883200000.0, 0.6241225004196167], [1593475200000.0, 3.9695675373077393]], "mean_data": [[1585612800000.0, 0.32980019438863645], [1588204800000.0, 0.5143764239090326], [1590883200000.0, 0.6077667563222349], [1593475200000.0, 3.8905026243089442]]}, "success": "success", "interval": "mm"}