{"time_series": {"min_data": [[1604102400000.0, 292.13116455078125], [1606694400000.0, 258.114990234375], [1609372800000.0, 235.0092010498047], [1612051200000.0, 221.5706024169922], [1614470400000.0, 212.80999755859375], [1617148800000.0, 212.26559448242188]], "max_data": [[1604102400000.0, 299.3746032714844], [1606694400000.0, 284.00946044921875], [1609372800000.0, 278.65887451171875], [1612051200000.0, 275.38214111328125], [1614470400000.0, 273.5514221191406], [1617148800000.0, 273.1391906738281]], "median_data": [[1604102400000.0, 298.41259765625], [1606694400000.0, 259.8448028564453], [1609372800000.0, 236.84850311279297], [1612051200000.0, 222.23360443115234], [1614470400000.0, 213.8191909790039], [1617148800000.0, 214.69129943847656]], "mean_data": [[1604102400000.0, 298.1268830732866], [1606694400000.0, 260.3805618286133], [1609372800000.0, 237.69708217274058], [1612051200000.0, 223.5067114396529], [1614470400000.0, 215.25676588578656], [1617148800000.0, 215.81371550126508]]}, "success": "success", "interval": "mm"}