{"time_series": {"min_data": [[1604102400000.0, 5.771756649017334], [1606694400000.0, 0.485647588968277], [1609372800000.0, 0.06592068076133728]], "max_data": [[1604102400000.0, 6.331326007843018], [1606694400000.0, 0.726381242275238], [1609372800000.0, 0.15642964839935303]], "median_data": [[1604102400000.0, 6.152311563491821], [1606694400000.0, 0.5788488984107971], [1609372800000.0, 0.1221158318221569]], "mean_data": [[1604102400000.0, 6.136346047574824], [1606694400000.0, 0.5891076529567892], [1609372800000.0, 0.12254073724827984]]}, "success": "success", "interval": "mm"}