{"time_series": {"min_data": [[1604102400000.0, 305.69854736328125]], "max_data": [[1604102400000.0, 306.9220275878906]], "median_data": [[1604102400000.0, 305.8974609375]], "mean_data": [[1604102400000.0, 305.97257232666016]]}, "success": "success", "interval": "mm"}