{"time_series": {"min_data": [[1604102400000.0, 201.7404327392578], [1606694400000.0, 191.70693969726562], [1609372800000.0, 189.8766326904297], [1612051200000.0, 189.01710510253906], [1614470400000.0, 187.91351318359375], [1617148800000.0, 187.22091674804688]], "max_data": [[1604102400000.0, 279.3121643066406], [1606694400000.0, 275.4037170410156], [1609372800000.0, 272.7931823730469], [1612051200000.0, 270.6792297363281], [1614470400000.0, 268.9786071777344], [1617148800000.0, 267.72210693359375]], "median_data": [[1604102400000.0, 204.13739776611328], [1606694400000.0, 192.44522857666016], [1609372800000.0, 190.21829223632812], [1612051200000.0, 189.24781036376953], [1614470400000.0, 188.1479949951172], [1617148800000.0, 187.55272674560547]], "mean_data": [[1604102400000.0, 205.87108820134944], [1606694400000.0, 194.42216907848012], [1609372800000.0, 192.12742094560102], [1612051200000.0, 191.12958977439186], [1614470400000.0, 190.0659862865101], [1617148800000.0, 189.44490883567116]]}, "success": "success", "interval": "mm"}