{"time_series": {"min_data": [[1604102400000.0, 305.69854736328125], [1606694400000.0, 302.4585266113281], [1609372800000.0, 299.1432189941406]], "max_data": [[1604102400000.0, 306.9220275878906], [1606694400000.0, 304.0579528808594], [1609372800000.0, 300.64764404296875]], "median_data": [[1604102400000.0, 305.8974609375], [1606694400000.0, 302.79502868652344], [1609372800000.0, 299.67848205566406]], "mean_data": [[1604102400000.0, 305.97257232666016], [1606694400000.0, 302.9147519198331], [1609372800000.0, 299.7157911820845]]}, "success": "success", "interval": "mm"}