{"time_series": {"min_data": [[1585612800000.0, 194.48440551757812], [1588204800000.0, 185.6654510498047], [1590883200000.0, 173.3322296142578], [1593475200000.0, 245.80917358398438]], "max_data": [[1585612800000.0, 271.8301086425781], [1588204800000.0, 270.916015625], [1590883200000.0, 269.0601501464844], [1593475200000.0, 279.93475341796875]], "median_data": [[1585612800000.0, 197.4929656982422], [1588204800000.0, 190.36314392089844], [1590883200000.0, 175.92867279052734], [1593475200000.0, 249.48912811279297]], "mean_data": [[1585612800000.0, 198.98081762140447], [1588204800000.0, 191.70345202359286], [1590883200000.0, 178.0890586159446], [1593475200000.0, 250.25617356733844]]}, "success": "success", "interval": "mm"}