{"time_series": {"min_data": [[1604102400000.0, 0.0020045044366270304], [1606694400000.0, 0.0016259277472272515], [1609372800000.0, 0.0013005308574065566]], "max_data": [[1604102400000.0, 3.224292278289795], [1606694400000.0, 1.7540987730026245], [1609372800000.0, 0.9509238004684448]], "median_data": [[1604102400000.0, 3.1770046949386597], [1606694400000.0, 1.6718000769615173], [1609372800000.0, 0.9153305888175964]], "mean_data": [[1604102400000.0, 3.105786044494545], [1606694400000.0, 1.6452917328490664], [1609372800000.0, 0.8939610290081791]]}, "success": "success", "interval": "mm"}