{"singleline": [[1604188800000, -0.1569465350915204, 11, 2020], [1606780800000, -1.2454365554608797, 12, 2020], [1609459200000, -0.7796368609394944, 1, 2021], [1612137600000, -1.4668644185651813, 2, 2021], [1614556800000, -1.8768861858468306, 3, 2021], [1617235200000, -0.5766589265120657, 4, 2021], [1619827200000, -0.5189907550811768, 5, 2021], [1622505600000, -0.6655652988375279, 6, 2021]], "multiline": {"min": [[1604188800000, -1.910258320339939], [1604188800000, -1.910258320339939], [1604188800000, -1.910258320339939], [1604188800000, -1.910258320339939], [1604188800000, -1.910258320339939], [1604188800000, -1.910258320339939], [1604188800000, -1.910258320339939], [1604188800000, -1.910258320339939], [1606780800000, -2.246516704559326], [1606780800000, -2.246516704559326], [1606780800000, -2.246516704559326], [1606780800000, -2.246516704559326], [1606780800000, -2.246516704559326], [1606780800000, -2.246516704559326], [1606780800000, -2.246516704559326], [1606780800000, -2.246516704559326], [1609459200000, -1.584792883772599], [1609459200000, -1.584792883772599], [1609459200000, -1.584792883772599], [1609459200000, -1.584792883772599], [1609459200000, -1.584792883772599], [1609459200000, -1.584792883772599], [1609459200000, -1.584792883772599], [1609459200000, -1.584792883772599], [1612137600000, -2.951542113956652], [1612137600000, -2.951542113956652], [1612137600000, -2.951542113956652], [1612137600000, -2.951542113956652], [1612137600000, -2.951542113956652], [1612137600000, -2.951542113956652], [1612137600000, -2.951542113956652], [1612137600000, -2.951542113956652], [1614556800000, -3.8851424769351355], [1614556800000, -3.8851424769351355], [1614556800000, -3.8851424769351355], [1614556800000, -3.8851424769351355], [1614556800000, -3.8851424769351355], [1614556800000, -3.8851424769351355], [1614556800000, -3.8851424769351355], [1614556800000, -3.8851424769351355], [1617235200000, -1.4886912107467651], [1617235200000, -1.4886912107467651], [1617235200000, -1.4886912107467651], [1617235200000, -1.4886912107467651], [1617235200000, -1.4886912107467651], [1617235200000, -1.4886912107467651], [1617235200000, -1.4886912107467651], [1617235200000, -1.4886912107467651], [1619827200000, -2.5126114017085026], [1619827200000, -2.5126114017085026], [1619827200000, -2.5126114017085026], [1619827200000, -2.5126114017085026], [1619827200000, -2.5126114017085026], [1619827200000, -2.5126114017085026], [1619827200000, -2.5126114017085026], [1619827200000, -2.5126114017085026], [1622505600000, -2.522958420870597], [1622505600000, -2.522958420870597], [1622505600000, -2.522958420870597], [1622505600000, -2.522958420870597], [1622505600000, -2.522958420870597], [1622505600000, -2.522958420870597], [1622505600000, -2.522958420870597], [1622505600000, -2.522958420870597]], "max": [[1604188800000, 1.0230709805823208], [1604188800000, 1.0230709805823208], [1604188800000, 1.0230709805823208], [1604188800000, 1.0230709805823208], [1604188800000, 1.0230709805823208], [1604188800000, 1.0230709805823208], [1604188800000, 1.0230709805823208], [1604188800000, 1.0230709805823208], [1606780800000, -0.45203067806729097], [1606780800000, -0.45203067806729097], [1606780800000, -0.45203067806729097], [1606780800000, -0.45203067806729097], [1606780800000, -0.45203067806729097], [1606780800000, -0.45203067806729097], [1606780800000, -0.45203067806729097], [1606780800000, -0.45203067806729097], [1609459200000, 0.07816616497247626], [1609459200000, 0.07816616497247626], [1609459200000, 0.07816616497247626], [1609459200000, 0.07816616497247626], [1609459200000, 0.07816616497247626], [1609459200000, 0.07816616497247626], [1609459200000, 0.07816616497247626], [1609459200000, 0.07816616497247626], [1612137600000, 0.11273063390246152], [1612137600000, 0.11273063390246152], [1612137600000, 0.11273063390246152], [1612137600000, 0.11273063390246152], [1612137600000, 0.11273063390246152], [1612137600000, 0.11273063390246152], [1612137600000, 0.11273063390246152], [1612137600000, 0.11273063390246152], [1614556800000, -0.5760934373788666], [1614556800000, -0.5760934373788666], [1614556800000, -0.5760934373788666], [1614556800000, -0.5760934373788666], [1614556800000, -0.5760934373788666], [1614556800000, -0.5760934373788666], [1614556800000, -0.5760934373788666], [1614556800000, -0.5760934373788666], [1617235200000, 0.6235228735103941], [1617235200000, 0.6235228735103941], [1617235200000, 0.6235228735103941], [1617235200000, 0.6235228735103941], [1617235200000, 0.6235228735103941], [1617235200000, 0.6235228735103941], [1617235200000, 0.6235228735103941], [1617235200000, 0.6235228735103941], [1619827200000, 0.6090289492878997], [1619827200000, 0.6090289492878997], [1619827200000, 0.6090289492878997], [1619827200000, 0.6090289492878997], [1619827200000, 0.6090289492878997], [1619827200000, 0.6090289492878997], [1619827200000, 0.6090289492878997], [1619827200000, 0.6090289492878997], [1622505600000, 0.3460443417231242], [1622505600000, 0.3460443417231242], [1622505600000, 0.3460443417231242], [1622505600000, 0.3460443417231242], [1622505600000, 0.3460443417231242], [1622505600000, 0.3460443417231242], [1622505600000, 0.3460443417231242], [1622505600000, 0.3460443417231242]], "mean": [[1604188800000, -0.1569465348096728], [1604188800000, -0.1569465348096728], [1604188800000, -0.1569465348096728], [1604188800000, -0.1569465348096728], [1604188800000, -0.1569465348096728], [1604188800000, -0.1569465348096728], [1604188800000, -0.1569465348096728], [1604188800000, -0.1569465348096728], [1606780800000, -1.245436557356203], [1606780800000, -1.245436557356203], [1606780800000, -1.245436557356203], [1606780800000, -1.245436557356203], [1606780800000, -1.245436557356203], [1606780800000, -1.245436557356203], [1606780800000, -1.245436557356203], [1606780800000, -1.245436557356203], [1609459200000, -0.7796368593556333], [1609459200000, -0.7796368593556333], [1609459200000, -0.7796368593556333], [1609459200000, -0.7796368593556333], [1609459200000, -0.7796368593556333], [1609459200000, -0.7796368593556333], [1609459200000, -0.7796368593556333], [1609459200000, -0.7796368593556333], [1612137600000, -1.466864417505955], [1612137600000, -1.466864417505955], [1612137600000, -1.466864417505955], [1612137600000, -1.466864417505955], [1612137600000, -1.466864417505955], [1612137600000, -1.466864417505955], [1612137600000, -1.466864417505955], [1612137600000, -1.466864417505955], [1614556800000, -1.876886189768189], [1614556800000, -1.876886189768189], [1614556800000, -1.876886189768189], [1614556800000, -1.876886189768189], [1614556800000, -1.876886189768189], [1614556800000, -1.876886189768189], [1614556800000, -1.876886189768189], [1614556800000, -1.876886189768189], [1617235200000, -0.5766589258993534], [1617235200000, -0.5766589258993534], [1617235200000, -0.5766589258993534], [1617235200000, -0.5766589258993534], [1617235200000, -0.5766589258993534], [1617235200000, -0.5766589258993534], [1617235200000, -0.5766589258993534], [1617235200000, -0.5766589258993534], [1619827200000, -0.5189907548330284], [1619827200000, -0.5189907548330284], [1619827200000, -0.5189907548330284], [1619827200000, -0.5189907548330284], [1619827200000, -0.5189907548330284], [1619827200000, -0.5189907548330284], [1619827200000, -0.5189907548330284], [1619827200000, -0.5189907548330284], [1622505600000, -0.6655653005612916], [1622505600000, -0.6655653005612916], [1622505600000, -0.6655653005612916], [1622505600000, -0.6655653005612916], [1622505600000, -0.6655653005612916], [1622505600000, -0.6655653005612916], [1622505600000, -0.6655653005612916], [1622505600000, -0.6655653005612916]]},