{"time_series": {"min_data": [[1604102400000.0, 0.0026087823789566755], [1606694400000.0, 0.0022564157843589783], [1609372800000.0, 0.0017875658813863993]], "max_data": [[1604102400000.0, 0.8940181136131287], [1606694400000.0, 0.09923751652240753], [1609372800000.0, 0.023793717846274376]], "median_data": [[1604102400000.0, 0.7781872153282166], [1606694400000.0, 0.0789419487118721], [1609372800000.0, 0.01753159426152706]], "mean_data": [[1604102400000.0, 0.7641423169936222], [1606694400000.0, 0.07634923751042648], [1609372800000.0, 0.017012323956640266]]}, "success": "success", "interval": "mm"}