{"time_series": {"min_data": [[1604102400000.0, 0.0020045044366270304]], "max_data": [[1604102400000.0, 3.224292278289795]], "median_data": [[1604102400000.0, 3.1770046949386597]], "mean_data": [[1604102400000.0, 3.105786044494545]]}, "success": "success", "interval": "mm"}