{"time_series": {"min_data": [[1585612800000.0, 212.26559448242188], [1588204800000.0, 250.0915985107422], [1590883200000.0, 278.9765625], [1593475200000.0, 289.93914794921875]], "max_data": [[1585612800000.0, 273.1391906738281], [1588204800000.0, 278.6382751464844], [1590883200000.0, 291.8060302734375], [1593475200000.0, 316.7247009277344]], "median_data": [[1585612800000.0, 214.69129943847656], [1588204800000.0, 256.9024963378906], [1590883200000.0, 286.0667266845703], [1593475200000.0, 313.42857360839844]], "mean_data": [[1585612800000.0, 215.81371550126508], [1588204800000.0, 256.73167072642934], [1590883200000.0, 285.4079756303267], [1593475200000.0, 312.55459664084697]]}, "success": "success", "interval": "mm"}