{"time_series": {"min_data": [[1604102400000.0, 292.13116455078125], [1606694400000.0, 258.114990234375], [1609372800000.0, 235.0092010498047]], "max_data": [[1604102400000.0, 299.3746032714844], [1606694400000.0, 284.00946044921875], [1609372800000.0, 278.65887451171875]], "median_data": [[1604102400000.0, 298.41259765625], [1606694400000.0, 259.8448028564453], [1609372800000.0, 236.84850311279297]], "mean_data": [[1604102400000.0, 298.1268830732866], [1606694400000.0, 260.3805618286133], [1609372800000.0, 237.69708217274058]]}, "success": "success", "interval": "mm"}